,model,name,avg_fit_time,avg_score_time,r2,mse,mae,maxE
0,rfr_n_estimators_100,BinAll,22.92255957921346,0.8451058864593506,0.2604228746897897,3533.601631022409,43.25800920368147,265.7833333333333
1,rfr_n_estimators_100,BinAllNoDay,15.467644929885864,0.7677923043568929,0.2418923517780492,3618.7148045387385,43.718418738328666,265.93333333333334
2,rfr_n_estimators_100,BinAllNoDayNoOut,12.42906387646993,0.6488037904103597,0.2818352669314716,3471.4200424867163,44.54154368790179,263.12666666666667
3,rfr_n_estimators_100,BinAllNoDayNoOut20Attr,32.45759232838949,0.46317148208618164,-0.04617360682388394,5043.72830504513,58.57749303495876,250.63000000000002
4,rfr_n_estimators_100,BinAllNoDayNoOut10Attr,16.514817635218304,0.38450948397318524,-0.2041869334796599,5810.074263674628,63.06697098011458,254.24
